bp,beatmap_id,beatmapset_id,artist,title,version,mods,pp,accuracy,star_rating_api,od,ar,cs,hp,bpm,length_s,objects,osu_file,osu_md5,file_has_beatmapid_header,official_star_rating,official_aim_difficulty,official_speed_difficulty,official_slider_factor,official_speed_note_count,official_max_combo,official_aim_slider_count,official_aim_strain_count,official_speed_strain_count
1,5119288,2364885,Manticora,Humiliation Supreme,Extreme,HDHR,563.893,0.9893673577884105,6.59691,9.2,9.4,3.9,5.1,189.99,152,1254,osu/5119288.osu,f564dd5aaebca0b5b47c8c692d3fd201,true,7.398550033569336,3.689460039138794,3.293950080871582,0.9962630271911621,1006.4500122070312,1675,62.48619842529297,241.40499877929688,591.7849731445312
2,4746232,2162554,VINXIS,Sidetracked Day,Distraction,HD,541.607,0.9956111476848803,6.85626,9.4,9.5,3.8,5.8,188,334,1519,osu/4746232.osu,dfeae0133e32266cf1205df69fd79a4e,true,7.277569770812988,3.467449903488159,3.2547600269317627,0.9993240237236023,670.5380249023438,2106,107.1259994506836,203.66299438476562,446.35400390625
3,5258382,2401111,Rhapsody,Power of the Dragonflame,Uri's Extreme,HD,539.235,0.9815485428522159,7.08728,9.2,9.5,4,5,190,260,1933,osu/5258382.osu,d30b27a061524147fe6cad8bfecd471f,true,7.501880168914795,3.541290044784546,3.412169933319092,0.99959397315979,1542.280029296875,2429,89.68309783935547,124.68000030517578,897.7860107421875
4,5675454,2554421,Pythia,Heartless (Cut Ver.),Maaadbot's Extreme,HDHR,523.51,0.9877762106252939,6.68061,9.6,9.6,3.5,4.8,190,90,709,osu/5675454.osu,e82935102561a79f289b6d6e9111b782,true,7.4339399337768555,3.872380018234253,3.1108899116516113,0.9945170283317566,490.8760070800781,935,46.99660110473633,124.74600219726562,236.16099548339844
5,4994500,2294086,Laser Imouto,Prismatix,kowari's Extreme,HD,520.608,0.9905174190888476,6.89195,9.4,9.5,3.8,5,200,249,1617,osu/4994500.osu,d0a78fbe6b720f832457fa4c2eff067b,true,7.294859886169434,3.3238699436187744,3.447279930114746,0.985755980014801,1018.8699951171875,2180,95.04550170898438,160.83200073242188,520.2369995117188
6,4961220,2179269,SHIKI,Pure Ruby (Game Ver.),Collab Another,HDHR,519.481,0.9846639603067208,6.51286,9.4,9.6,4.2,6,178,117,739,osu/4961220.osu,55a3bc730325ef00109874c4843a3644,true,7.455289840698242,3.9405899047851562,2.971450090408325,0.9991909861564636,479.6000061035156,897,46.37310028076172,129.3489990234375,318.65399169921875
7,5138461,2378237,Cityyy,Vibrant Springs,Tranquility,HDHR,518.242,0.985077519379845,6.55293,9,9.5,4,5,181,133,860,osu/5138461.osu,8f63f1f5f5c2e64c05d2454b35cea326,true,7.3755598068237305,3.8066599369049072,3.098949909210205,0.9994810223579407,720.9420166015625,1092,46.01240158081055,115.13099670410156,392.697998046875
8,5211222,2401111,Rhapsody,Power of the Dragonflame,shoyeu's Expert,HDHR,511.225,0.9800286584273687,6.45904,9,9.3,4,5,190,260,1861,osu/5211222.osu,fe0d339b918af27573bde55392bb391b,true,7.207119941711426,3.3939099311828613,3.3786098957061768,0.9956669807434082,1486.6600341796875,2365,90.96289825439453,160.29100036621094,821.9970092773438
9,4628575,2091512,Mutsuhiko Izumi,Snow Goose,Sytho's Extra,HDHR,508.16,0.9917355371900827,6.58034,9,9.4,3.9,5,200,97,726,osu/4628575.osu,355af2567e260f01300ce9d08a67d56a,true,7.263239860534668,3.5506699085235596,3.3227999210357666,0.9935950040817261,467.0780029296875,969,85.24109649658203,203.89500427246094,254.16799926757812
10,4847819,2275012,kawaii vocaloid,Sukitte 100-kai Itte (feat. Hatsune Miku),sukisukisukisukisukisukisukisukisukisuki,HDHR,506.174,0.9710960960960962,6.5977,9,9.4,4.5,4,177,54,444,osu/4847819.osu,7adba14645d8bcabbc9d55d1d160bfd6,true,7.7118000984191895,4.161180019378662,2.918100118637085,0.9996200203895569,373.4930114746094,479,31.44860076904297,159.7469940185547,265.24200439453125
11,5684273,2554421,Pythia,Heartless (Cut Ver.),shoyeu's Extreme,HDHR,505.65,0.9944444444444445,6.35794,9,9.2,4.2,5,190,90,600,osu/5684273.osu,ef764af7848d211c058b312e0e1f35bc,true,7.256509780883789,3.8402199745178223,2.965320110321045,0.9851409792900085,379.1159973144531,899,23.772199630737305,81.28389739990234,197.16400146484375
12,5358249,2423043,Hayakore Tatsumi,Thousandth Sky (END of SUMMER Mix),Everlasting Summer,HD,503.418,0.9958555358200119,7.15202,9,9.5,4,5,190,395,2252,osu/5358249.osu,0011d19b75e30c51507203f36b2c66b5,true,7.629570007324219,3.7189300060272217,3.2466700077056885,0.9783390164375305,1128.6600341796875,3222,481.0010070800781,462.135986328125,459.19500732421875
13,4277533,1569753,Kuki Akumu,Ki ga Kurutta Noise,Emotion,HDHR,503.008,0.9887005649717514,6.25469,9.2,9.4,4.5,5.5,180,138,944,osu/4277533.osu,45ec2108ce7d2092973c70f1e22e9e99,true,7.20727014541626,3.69392991065979,3.0605199337005615,0.9989029765129089,725.8770141601562,1252,64.14569854736328,130.29200744628906,385.62701416015625
14,4975644,2171371,Demetori,Higan Kikou ~ View of The River Styx,Extra Stage,HD,502.287,0.991023102310231,6.66097,9.2,9.6,4,5,182,449,2525,osu/4975644.osu,cf2a8246f92d7ca140310919a8136e84,true,7.076930046081543,3.2777700424194336,3.266940116882324,0.9967470169067383,1248.8299560546875,3409,175.94500732421875,144.4029998779297,731.5999755859375
15,5682464,2554421,Pythia,Heartless (Cut Ver.),Uri's Extra,HDHR,501.164,0.9933237958989032,6.44085,9,9.3,3.6,5,190,90,699,osu/5682464.osu,9d254f00ec1ce9c729f0c30434a19504,true,7.168799877166748,3.680910110473633,3.068660020828247,0.9982950091362,510.6369934082031,927,23.575300216674805,87.92729949951172,265.8559875488281
16,5061151,2341780,Jun Ishikawa,Green Greens,Mekadon's Super Ability,HDHR,500.182,0.9984848484848485,6.45419,9.4,9.6,3.6,4,181,57,440,osu/5061151.osu,9d31a01f80b054bccf4c52e1d3d2e83b,true,7.189579963684082,3.8156299591064453,2.9006099700927734,0.9962810277938843,323.74200439453125,512,38.55070114135742,131.4080047607422,192.60800170898438
17,5034823,2342474,DJ SHARPNEL,CYBER INDUCTANCE,FINAL,HD,494.712,0.983424638291895,6.73544,9.5,9.5,4.4,5.5,191,290,2373,osu/5034823.osu,781e5d173a563a8e50c9c321ad0ba5ff,true,7.208509922027588,3.1161201000213623,3.4728100299835205,0.9911590218544006,1765.0699462890625,3132,249.69500732421875,316.9070129394531,883.6680297851562
18,3784710,1842568,Andy Gillion,Insert Coin,Arcade Metal,HD,493.037,0.9915824915824916,7.02703,9.6,9.6,4,4,180,175,1386,osu/3784710.osu,e17a84084eaa252fbfc53c46375d6102,true,7.463210105895996,3.6638600826263428,3.154560089111328,0.9960309863090515,985.2369995117188,1541,121.4530029296875,394.593994140625,537.385986328125
19,4572837,2167421,Demetori,Necrofantasia ~ Remix,Youkai of Boundaries,HD,492.891,0.9932457786116323,6.5123,9,9.3,4,5,180,333,2665,osu/4572837.osu,94a68bca511ba176d7600d830f2f495f,true,7.058629989624023,3.110909938812256,3.283370018005371,0.9987900257110596,2083.550048828125,3004,189.75799560546875,363.72601318359375,1022.3300170898438
20,5132508,2376029,Fellowship,The Frozen Land,Preserved Anguish,HD,487.334,0.9989738327347357,6.6106,9,9.5,3.7,5,200,302,1949,osu/5132508.osu,445d2363eeaa987b63e8a8bf1ae50ca5,true,7.007490158081055,2.9809300899505615,3.473449945449829,0.9926049709320068,1021.3300170898438,2687,318.4840087890625,464.1659851074219,532.2169799804688
21,5423414,2474318,TEARS OF TRAGEDY,Accept Yourself,"I Believe In It, The Story of A Dream",HD,487.269,0.9914712153518124,6.75146,9.5,9.7,4,4.5,177,344,2345,osu/5423414.osu,6bea9a6ea0845f53bc113cd58f8511ac,true,7.151889801025391,3.430910110473633,3.1866300106048584,0.9983270168304443,1456.3299560546875,2985,254.9219970703125,371.74200439453125,781.594970703125
22,5129350,2375006,Demetori,Pure Furies ~ Vengeance is Mine,The pristine spiritual force that rejects life and death.,HD,486.535,0.9905511811023622,7.49064,9.6,9.6,4.2,5,180,298,1905,osu/5129350.osu,02af836b9757286f47b0bcf47a9dd51a,true,7.865489959716797,4.035789966583252,3.196500062942505,0.9923480153083801,1034,2372,102.24099731445312,155.10000610351562,632.510986328125
23,1537566,728276,VINXIS,Sidetracked Day,THREE DIMENSIONS,HD,479.023,0.9822479764532744,6.99675,10,9.6,4,6,188,337,1812,osu/1537566.osu,2a29c58cc0ee5c74709d16ca84acf5ed,true,7.4323201179504395,3.5339200496673584,3.324079990386963,0.9998409748077393,941.7470092773438,2424,238.68899536132812,201.08700561523438,560.2100219726562
24,5440133,2475323,DJ SHARPNEL,Pacific girls,handstream,HD,473.337,0.9822571262361838,7.19461,9.5,9.7,4,5,195,315,2292,osu/5440133.osu,9e710b11482eaeda718877d15f3d2885,true,7.5989298820495605,3.597749948501587,3.446310043334961,0.9933459758758545,1422.4000244140625,3012,142.2259979248047,331.9700012207031,698.5789794921875
25,5064561,2352829,TEARS OF TRAGEDY,Epitaph,Remembrance,HD,473.328,0.9792742061629908,7.35872,9.7,9.7,4,5,191,335,2131,osu/5064561.osu,360467d9eccd6e855eede694992f83b4,true,7.740059852600098,3.766860008239746,3.447809934616089,0.9928929805755615,1539.300048828125,2695,98.40010070800781,241.91299438476562,975.4810180664062
26,4704022,2219231,Victorius,Age of Tyranny,shoyeu's Extra,HDHR,472.016,0.9896514161220044,6.68173,9,9.4,4,5,200,211,1836,osu/4704022.osu,bb0ab87debbf0a94967c68ccb83fbd96,true,7.231060028076172,3.281630039215088,3.5107600688934326,0.9904339909553528,1495.5,2407,69.60399627685547,163.01499938964844,761.31298828125
27,5262236,2252339,Unlucky Morpheus,FAITH,PIXELGLORY'S EXTREME,HD,466.484,0.9920792079207921,7.01181,9.5,9.7,4,5,200,53,505,osu/5262236.osu,94ef6cdd29ed69a223db353f5870f63c,true,7.262129783630371,3.6186399459838867,3.2495601177215576,0.9976149797439575,403.43798828125,634,47.28799819946289,116.68699645996094,216.5050048828125
28,740044,334469,ALiCE'S EMOTiON,Dark Flight Dreamer,Last Spell,HDHR,464.618,0.9936708860759493,6.43706,9,9,4,7,189,189,1106,osu/740044.osu,d8c8342011ea862531156d7698f44526,true,7.007750034332275,3.6547000408172607,2.8856799602508545,0.9972500205039978,457.2170104980469,1364,153.05999755859375,180.36000061035156,184.21600341796875
29,3671976,1791832,SYU (from GALNERYUS),REASON,Meaning of Life,HD,464.331,0.9892147734326505,6.65529,9.4,9.4,4,4,184,327,2148,osu/3671976.osu,a9ec58b89b45f0c5df758ca20ef5ed3f,true,7.128729820251465,3.4000000953674316,3.100709915161133,0.9931259751319885,1289.8299560546875,3082,301.59100341796875,279.6000061035156,571.8880004882812
30,5223159,2406703,Hayakore Tatsumi,Thousandth Sky,Tsubasa+,HD,463.752,0.9871794871794872,7.15055,9.3,9.7,4,4,190,433,3003,osu/5223159.osu,e3e77dc232a0e85e5b142410ac6ef37f,true,7.559000015258789,3.564069986343384,3.4609599113464355,0.9892669916152954,1917.5899658203125,3708,245.5500030517578,393.55499267578125,787.85498046875
31,5080973,150360,goreshit,look at me tenderly,(>///<),HDHR,462.758,0.9871915763004872,6.5123,9,9.3,4,6,192,369,2121,osu/5080973.osu,a5492de7a342061a19eda100f4ddbc96,true,7.1209001541137695,3.2864298820495605,3.380460023880005,0.9578070044517517,1234.5400390625,2744,222.09800720214844,196.21400451660156,605.1649780273438
32,5671885,2554421,Pythia,Heartless (Cut Ver.),Indifference,HD,460.215,0.9919393077287814,7.18696,10,9.8,4,5,190,90,703,osu/5671885.osu,eb002ecc5635ef0312e88f6b793aefb9,true,7.471199989318848,3.8653500080108643,3.077199935913086,0.9926829934120178,471.7720031738281,932,34.46139907836914,124.79000091552734,251.91799926757812
33,4000950,1913010,Twilight Force,Valley of the Vale,Nymphuwua's Expert Collab,HDHR,458.88,0.9848284960422163,6.56449,9.2,9.4,3.8,5,190,213,1516,osu/4000950.osu,032711cd5c91d9534e78fb13dda4ae1d,true,7.333960056304932,3.6565699577331543,3.2616000175476074,0.9856939911842346,1100.0799560546875,2092,123.51699829101562,277.67401123046875,595.2990112304688
34,1256809,594170,Avenged Sevenfold,Save Me,Tragedy,HD,456.649,0.9937519525148392,6.8374,8.8,9.5,4,5.5,190,652,3201,osu/1256809.osu,cc4cbed3121f14b7d59ccc3d8164ae71,true,7.245880126953125,3.392400026321411,3.318579912185669,0.9927769899368286,1087.1400146484375,4295,290.1310119628906,223.63299560546875,436.2449951171875
35,5186053,2394528,Demetori,Hishin Matara ~ Four seasons where Starless disappeared.,The Divinity of Secrets,HD,455.924,0.9806940371456501,6.93226,9.8,9.7,4.3,5,182,383,2046,osu/5186053.osu,a278de9e9b0edf7413e61ae11a889107,true,7.3159499168396,3.610450029373169,3.1623198986053467,0.9923989772796631,866.6110229492188,2634,187.60800170898438,200.76499938964844,447.40301513671875
36,2850905,1379697,seleP,ReLief,Girl Chained Away From Happiness,HDDT,455.647,0.978299268231138,4.89959,8,8,4,6,120,307,1321,osu/2850905.osu,2d82e07b34d84a59354530bd6ae4086c,true,7.475769996643066,3.8231101036071777,2.9760100841522217,0.997622013092041,849.0280151367188,1615,49.38059997558594,132.9340057373047,368.67498779296875
37,5028070,2340339,Yamajet feat. Hiura Masako,Sunglow (Happy Hardcore Style),Daybreak,HD,453.634,0.9856970791930142,6.70079,9.4,9.4,3.9,6,180,301,2214,osu/5028070.osu,121de0ac469a6297c3d030a8a64c902f,true,7.149409770965576,3.3638501167297363,3.1972899436950684,0.9935290217399597,1454.22998046875,2765,313.6719970703125,255.7449951171875,578.7490234375
38,5682373,2554421,Pythia,Heartless (Cut Ver.),Zabrid's Expert,HDHR,452.308,0.9891518737672583,6.23726,9,9.3,3.8,4.8,190,90,676,osu/5682373.osu,88246d7986d826f3e169c515f3fa298f,true,6.97622013092041,3.5732901096343994,2.9972500801086426,0.9854310154914856,457.32000732421875,931,35.325199127197266,85.47329711914062,228.30099487304688
39,4944784,2310753,VINXIS,Sidetracked Day (Short Ver.),Nlxus's Extreme,HDHR,451.787,0.9920398009950249,6.28442,9,9.4,3.6,5,188,127,670,osu/4944784.osu,f498aa6a71e7d1e6874a010541ee332a,true,6.970190048217773,3.4945499897003174,3.0475199222564697,0.9970530271530151,345.0740051269531,936,91.44879913330078,143.15199279785156,204.44000244140625
40,2861267,1385020,Saint Snow,DROPOUT!?,GO TO THE WORLD!?,HD,450.715,0.9892156862745098,6.92222,9.5,9.6,4.5,6.5,182,228,1360,osu/2861267.osu,163eadc795223751bd9d6f0f031b0635,true,7.270430088043213,3.6219699382781982,3.1181800365448,0.98853600025177,804.1400146484375,1733,101.6969985961914,162.30299377441406,466.4020080566406
41,4892236,2262416,ke-ji feat. Nanahira,Ange du Blanc Pur,BMD's Absolution,HD,449.675,0.9837725719863348,7.00917,9.6,9.6,4,6,182,236,1366,osu/4892236.osu,afe05baaf96b41630039560f6dc4593f,true,7.372550010681152,3.6645100116729736,3.1798698902130127,0.9953579902648926,809.0089721679688,1778,39.21080017089844,162.05099487304688,517.8489990234375
42,667021,297110,M.Iz,Kakenukeru Anime Song Medley IV,TWO DIMENSIONS,HDHR,448.93,0.9825352112676057,6.33926,8,9,4,4,192,808,3550,osu/667021.osu,de04901ea6b69571c6e196176d7f051a,true,6.944049835205078,3.369070053100586,3.0761799812316895,0.9863970279693604,816.8889770507812,5086,537.301025390625,393.09600830078125,393.1730041503906
43,4137259,1991315,Feint,Tower Of Heaven (You Are Slaves) (Cut Ver.),Acme,HDHR,445.542,0.9899749373433584,6.47073,9.3,9.4,3.9,3,175,98,532,osu/4137259.osu,21144eb2b08839522d22beb9ea357ba1,true,7.314859867095947,3.931570053100586,2.8235599994659424,0.9976599812507629,328.25299072265625,739,28.840099334716797,84.80390167236328,175.85699462890625
44,2423981,1151004,UNDEAD CORPORATION,Embraced by the Flame,Extra,HD,445.394,0.9937674618525683,6.83342,9,9.4,3.8,5,215,242,1551,osu/2423981.osu,de80c90aefa4dda6b04ee45c439c87c8,true,7.208340167999268,3.180180072784424,3.5134599208831787,0.9972050189971924,931.947998046875,2500,160.197998046875,157.0330047607422,430.89300537109375
45,5284284,2427256,AISHA,Radiant Dawn,Golden Embers,HD,443.647,0.9922691182615964,6.91989,8.8,9.6,4.2,6,184,317,2393,osu/5284284.osu,50b7ba227d5ccf0d1a140f7fcb13a5fa,true,7.345900058746338,3.3017001152038574,3.4913699626922607,0.9975240230560303,1388.9200439453125,3092,380.2340087890625,486.3869934082031,636.1160278320312
46,693195,185250,ALiCE'S EMOTiON,Dark Flight Dreamer,CRN's Extra,HDHR,443.617,0.9876923076923076,6.2152,8.5,9.5,4,7.5,189,189,975,osu/693195.osu,93075d2451623b69859fb20ce6010efd,true,6.8633198738098145,3.606679916381836,2.76023006439209,0.984063982963562,316.33599853515625,1264,211.16200256347656,231.76400756835938,149.71499633789062
47,1754777,838182,VINXIS,Sidetracked Day,Infinity Inside,HD,442.638,0.9871946414499606,6.6708,9.6,9.5,4.4,5.5,188,337,1692,osu/1754777.osu,c48478f7a85e2b2368f1d383156319a0,true,7.081160068511963,3.2500500679016113,3.3010599613189697,0.999413013458252,878.927001953125,2261,262.53399658203125,259.4590148925781,538.073974609375
48,4865935,2282117,Sawawa,Cosmic Drive,Desire,HD,442.269,0.9765851091817943,7.03413,9.4,9.6,4,5,191,225,1267,osu/4865935.osu,faa456fa4a7307a632fbca9352f7477d,true,7.38631010055542,3.6610701084136963,3.180530071258545,0.9995239973068237,402.70098876953125,1548,74.10389709472656,275.85101318359375,262.77301025390625
49,1170505,552726,Imperial Circus Dead Decadence,Uta,Redemption,HD,441.101,0.9862841323769976,7.05815,9,9.4,4.3,5,205,528,2649,osu/1170505.osu,bd6aea9634c95136ddfe7c91cf03f32d,true,7.474339962005615,3.5099000930786133,3.3741400241851807,0.9875379800796509,912.1599731445312,3683,398.98199462890625,360.27801513671875,421.74798583984375
50,4684761,2211479,Avenged Sevenfold,Save Me,Vile World,HD,440.255,0.9926186112807982,6.93678,9,9.5,4,5,190,651,3274,osu/4684761.osu,ca32609c74330764c41f2c77274f4aaa,true,7.311110019683838,3.432529926300049,3.354569911956787,0.9919099807739258,1203.8399658203125,4363,233.2449951171875,194.5469970703125,527.781005859375
51,657916,292301,xi,Blue Zenith,RLC's Extra,HDHR,438.304,0.9651559454191033,6.8285,8.5,9.2,4,7,200,249,1368,osu/657916.osu,6802e91a5a3ea77211abe3729a5bd84b,true,7.470860004425049,3.784450054168701,3.2094600200653076,0.9919949769973755,689.25,1876,225.3350067138672,242.76600646972656,314.3559875488281
52,5426594,2475471,ke-ji feat. Nanahira,Ange du Blanc Pur,Ange du Blanc Pur,HD,437.263,0.9823619631901841,7.00411,9.5,9.7,4.5,5,182,236,1304,osu/5426594.osu,289b62c192386b672d89b2a8a1309917,true,7.331399917602539,3.663209915161133,3.1762900352478027,0.9969369769096375,825.9199829101562,1674,36.795101165771484,157.56700134277344,536.780029296875
53,5108662,2368159,Demetori,Hishin Matara ~ Four seasons where Starless disappeared.,Extra Stage,HD,432.283,0.9882688117982236,6.58373,9.5,9.6,4,5,182,383,1989,osu/5108662.osu,3bb6ee9098f6a4317768cff9deb1ddbc,true,6.981989860534668,3.2850499153137207,3.1854701042175293,0.996038019657135,809.9420166015625,2658,204.72300720214844,164.7169952392578,487.364990234375
54,2330482,1115534,Saint Snow,DROPOUT!?,Curse,HD,429.849,0.984984984984985,6.65885,9.8,9.6,4.2,6.6,182,105,666,osu/2330482.osu,ec925abb8869a8b118941f550b89155c,true,6.975669860839844,3.49783992767334,3.0053200721740723,0.9983130097389221,401.6629943847656,820,65.35440063476562,145.03199768066406,234.6179962158203
55,5206607,2086612,Shota Kageyama,Sentou de Pinch!,Rare & Mythical Extreme,HD,429.558,0.9977851605758582,6.60611,10,9.5,4.5,8.5,177.98,33,301,osu/5206607.osu,5bf547910770e97d0c5cb709fa9cdf92,true,6.832499980926514,3.5440900325775146,2.8717799186706543,0.9983239769935608,280.28399658203125,351,13.64330005645752,117.69100189208984,187.60899353027344
56,767203,347719,Demetori,Kuuchuu ni Shizumu Kishinjou ~ Counter-Clock World,Extra Stage,HDHR,428.595,0.9749385749385749,6.57967,9,9.3,4,6.5,185,356,2035,osu/767203.osu,da637bf3af7162f08708380e193977ee,true,7.260819911956787,3.674880027770996,3.072930097579956,0.9909769892692566,1087.219970703125,2514,229.406005859375,307.94000244140625,457.281005859375
57,930249,384772,Yuaru,Asu no Yozora Shoukaihan,Sky Arrow,HD,428.134,0.995609220636663,6.62534,9,9.5,4.2,7,185,173,911,osu/930249.osu,9488e124a46edc351456a43e85d79022,true,6.900879859924316,3.4650800228118896,2.998879909515381,0.9784520268440247,367.66400146484375,1267,113.15299987792969,105.48400115966797,187.60499572753906
58,3018109,1470072,Mage,The Words I Never Said,Regret,HDHR,427.492,0.983926521239954,5.90699,9.2,9.2,3.9,5,172,312,1742,osu/3018109.osu,70b1226af3d8b76d859982b505c4ce11,true,6.6620402336120605,3.0915300846099854,3.074389934539795,0.9909989833831787,1175.4300537109375,2376,38.76089859008789,138.91200256347656,707.969970703125
59,4583961,2171754,*namirin,Daidai Genome,Love & Lust,HDDT,426.853,0.9937926753569212,4.62628,8.2,8,4,6,135,203,537,osu/4583961.osu,0f6bfb11b59ae8f2557f2326452a81a1,true,6.787350177764893,3.585089921951294,2.5686800479888916,0.9931970238685608,135.072998046875,672,53.79560089111328,116.19200134277344,67.4896011352539
60,5038991,2336672,FRASER EDWARDS,Stop Saying We Sound Like Dragonforce,Not Roupus' Legend,HD,425.512,0.9901370779003678,6.73425,9.3,9.5,4.2,5,200,278,1994,osu/5038991.osu,f0812a9f45237308355dd4730edc068a,true,7.142429828643799,3.15910005569458,3.43107008934021,0.9797469973564148,1168.77001953125,2812,310.239013671875,346.5539855957031,531.5919799804688
61,2477065,1188740,ke-ji feat. Nanahira,Ange du Blanc Pur,Extra,HDHR,425.025,0.98786717752235,6.14934,9,9.3,4,5.5,182,237,1044,osu/2477065.osu,c46b1a459b950e5ea6569c23a811b9ea,true,6.749489784240723,3.3961400985717773,2.944200038909912,0.9950339794158936,491.0660095214844,1635,116.98200225830078,133.31399536132812,254.16700744628906
62,2126752,1016145,Victorius,Twilight Skies,Born to Conquer the Universe,HD,423.592,0.9705354227881162,6.57032,9.4,9.5,4,5.5,180,300,2042,osu/2126752.osu,bd5f494fec7463de91a0ff0819f88af8,true,7.020470142364502,3.2595601081848145,3.1922900676727295,0.9991819858551025,1349.75,3050,146.76600646972656,209.48300170898438,706.4869995117188
63,5040092,2341780,Jun Ishikawa,Green Greens,Poyo!,HDHR,421.747,0.9803508771929824,6.31906,9.4,9.4,3.8,4,181,56,475,osu/5040092.osu,208b26c022726eeb15d58061150d2b21,true,7.0036702156066895,3.6579298973083496,2.9513399600982666,0.9970149993896484,371.0419921875,546,21.185199737548828,90.9729995727539,191.35299682617188
64,4968396,2179269,SHIKI,Pure Ruby (Game Ver.),Extreme,HDHR,420.714,0.9787878787878788,6.19727,9.2,9.4,4,5.5,178,117,660,osu/4968396.osu,02682aae70c9ac48cd11bfb2e1dd8503,true,7.0208001136779785,3.651639938354492,2.9141600131988525,0.9920690059661865,395.00299072265625,858,44.43090057373047,113.63300323486328,234.58599853515625
65,4815899,2262416,ke-ji feat. Nanahira,Ange du Blanc Pur,Saint,HD,420.423,0.9869135802469136,6.80641,9.5,9.5,4,6,182,236,1350,osu/4815899.osu,9d137866366ff766a05888a1b2d7365a,true,7.1957597732543945,3.503959894180298,3.154020071029663,0.9984009861946106,828.6719970703125,1743,146.92100524902344,172.99099731445312,501.4830017089844
66,3665005,1781620,Fellowship,Glory Days,Maki's Extra,HDHR,419.153,0.9808074781225139,5.96997,9,9.3,4,5.6,178,287,1676,osu/3665005.osu,0e38c93a039ce202e33e26afbf747565,true,6.671370029449463,3.1984899044036865,3.032939910888672,0.9907270073890686,1000.4600219726562,2408,211.86099243164062,252.72000122070312,462.8919982910156
67,4020786,1943645,Vulpecula,Crystallite Dream,In Heartache's Profound Love,HDHR,418.739,0.9670610067269775,6.62322,8.5,9.5,4,4.4,187,214,1437,osu/4020786.osu,befaa50fdaab5329e53c9bfd4dc52ac9,true,7.384329795837402,3.700200080871582,3.219520092010498,0.9963679909706116,888.97900390625,1965,188.42300415039062,265.6180114746094,433.0929870605469
68,845391,128931,Feint,Tower Of Heaven (You Are Slaves),Heaven,HDHR,418.425,0.9820208558072636,6.14621,9,9.2,4,6,175,165,927,osu/845391.osu,1dc9bfbad721797aa0d772c473b075e3,true,6.911839962005615,3.5791399478912354,2.834350109100342,0.977849006652832,531.8800048828125,1282,191.83200073242188,188.87399291992188,223.322998046875
69,4599213,2133658,Dragon Guardian,Tenkai e no Kippu,Our Ascension to Heaven,HD,417.032,0.9891615541922291,6.51259,9,9.4,3.6,5.5,190,310,2445,osu/4599213.osu,1ad69431cce4883635af815a826c18d0,true,6.976990222930908,2.992530107498169,3.378109931945801,0.9911680221557617,1874.719970703125,3233,192.30099487304688,259.4670104980469,977.4869995117188
70,2872154,1390922,Serenity,Lionheart,Extreme,HD,414.985,0.9916779127305443,6.51479,9.5,9.6,4.2,6,180,230,1482,osu/2872154.osu,f239eb98ab78bfe8f2e106e6f6a056fb,true,6.893599987030029,3.2552099227905273,3.148010015487671,0.9929929971694946,873.4140014648438,1880,181.73599243164062,276.23199462890625,552.8989868164062
71,5145068,2376493,Levaslater,NNRT,Extra,HDHR,413.178,0.9857723577235772,6.27632,9,9.4,4,5,202,130,656,osu/5145068.osu,d3bdd9141771987e4399f336d85371c3,true,6.8810200691223145,3.379930019378662,3.154560089111328,0.9803150296211243,292.7829895019531,947,125.81999969482422,198.9550018310547,173.9949951171875
72,884664,407175,FELT,New World,Illusion,HDHR,413.085,0.9796852646638055,6.73224,9,9.3,4,6.5,195,241,1165,osu/884664.osu,87c23892caf52ac3866e7ab7f7802956,true,7.301760196685791,3.779449939727783,3.1171300411224365,0.9950550198554993,364.01800537109375,1535,117.69499969482422,173.46600341796875,192.5919952392578
73,5574279,2522607,shuzeios,intro,extreme,HDHR,410.895,0.9787234042553191,6.24033,9.5,9.7,4.7,5,193,34,188,osu/5574279.osu,90d69a31ad82cf4400865f5e13ecd76e,true,7.261300086975098,3.9816699028015137,2.815769910812378,0.9851719737052917,113.2040023803711,249,17.193099975585938,68.17120361328125,75.60810089111328
74,4816640,2262416,ke-ji feat. Nanahira,Ange du Blanc Pur,Extra,HDHR,409.997,0.9791323448654585,6.1658,9.2,9.3,4,5.8,182,236,1214,osu/4816640.osu,1c7032afaaa67d51e2aa87d7174f7261,true,6.758810043334961,3.327039957046509,3.030280113220215,0.996878981590271,656.3690185546875,1733,195.21800231933594,181.53799438476562,349.2019958496094
75,1727980,778657,DECO*27,First Storm -Japanese Version-,eINess' Extra,HDHR,409.436,0.9873015873015873,6.60388,9.2,9.2,4,7,190,228,945,osu/1727980.osu,72093d4692e1ac64167dc1ebbc0d6b9d,true,7.1923298835754395,3.8271100521087646,2.861599922180176,0.9915770292282104,155.677001953125,1364,179.5,118.55999755859375,92.7238998413086
76,5275552,2422339,GLORYHAMMER,Infernus Ad Astra / Rise Of The Chaos Wizards,tacoyaki5's Legend,HD,407.95,0.9844564240790656,6.62041,9.3,9.6,4.2,4.5,180,314,1855,osu/5275552.osu,7a5ac8bdcfd2fb99f5621d19082f7559,true,7.01455020904541,3.309950113296509,3.1969900131225586,0.9891830086708069,1173.9300537109375,2418,97.11830139160156,233.43099975585938,661.8369750976562
77,4511021,2142914,xi,Ascension to Heaven,Climax,HD,406.02,0.9798976608187134,6.74108,9.4,9.4,4,5.7,200,298,1824,osu/4511021.osu,722399bea0ac6e226e94cd72fc655061,true,7.203559875488281,3.067039966583252,3.514780044555664,0.9958299994468689,1364.3499755859375,2592,147.73800659179688,296.12200927734375,692.2760009765625
78,1494828,707032,yaseta,Bluenation,Grace,HD,405.964,0.9929577464788732,6.6731,9,9.5,4,6,180,320,1704,osu/1494828.osu,257099a7bc15792928a55c1a8510e934,true,7.114140033721924,3.4372599124908447,3.068540096282959,0.998045027256012,784.2949829101562,2362,180.91200256347656,241.2570037841797,304.7820129394531
79,4410462,2102240,ShinRa-Bansho,I,Phantasm,HD,405.682,0.984026309607705,7.00759,9.4,9.6,4,4,196,288,1419,osu/4410462.osu,2d5567810def77a96d972dd94ffa03b1,true,7.332900047302246,3.7076199054718018,3.1035399436950684,0.9914330244064331,338.364990234375,1794,133.31500244140625,228.6439971923828,137.7530059814453
80,4943355,2310753,VINXIS,Sidetracked Day (Short Ver.),Lost,HD,404.4,0.9878618113912232,6.80085,9.5,9.6,4,5,188,128,714,osu/4943355.osu,a9f2d7b235db1cd27aa9851c25a6c645,true,7.154280185699463,3.5377800464630127,3.1114699840545654,0.9965360164642334,408.60400390625,989,57.644798278808594,111.82499694824219,248.80999755859375
81,5082120,2358642,Raimukun,Nyarlathotep's Dreamland,Memory Infinity,HD,404.138,0.9701848539057841,6.75227,9.3,9.7,3.8,4,200,136,1118,osu/5082120.osu,0451c6236ae24b17b3a233d7e44c3d6a,true,7.093070030212402,3.2089500427246094,3.418950080871582,0.9947289824485779,731.5609741210938,1438,140.22999572753906,232.50599670410156,374.27801513671875
82,4453223,2119739,Junichi Masuda,Battle! (Champion),Challenge!,HD,402.441,0.9869513641755635,6.65977,9.2,9.6,4.4,7,187,85,562,osu/4453223.osu,356020a74803abd8fe43a39ecdd2ec72,true,6.931429862976074,3.6524899005889893,2.739190101623535,0.996554970741272,402.7030029296875,700,77.56919860839844,162.77200317382812,199.64500427246094
83,5045143,2346142,Halozy feat. Nanahira,Monosugoi Ikioi de Keine ga Monosugoi Uta,AYAYA,HDHR,401.951,0.9904688304997424,5.9236,9.2,9.3,4,5,180,237,1294,osu/5045143.osu,64a5baaf629b5289fd4eb0df75ab51eb,true,6.593959808349609,3.2408299446105957,2.9684898853302,0.9919779896736145,633.427001953125,1827,157.65699768066406,216.656005859375,323.1340026855469
84,609843,267767,cosMo@BousouP,Oceanus,Divinity,HD,400.623,0.9873799725651577,6.61628,8.5,9.4,4,7,196,219,1215,osu/609843.osu,f4dc095eac5ff27848e86ec6c2baa3b8,true,6.984429836273193,3.1976099014282227,3.296070098876953,0.9907029867172241,589.3720092773438,1600,190.39199829101562,235.0030059814453,292.63299560546875
85,5377422,2445629,Unlucky Morpheus,BPM210 no Shanghai Alice (Instrumental),HYPERPIGEON'S EXTRA,HDHR,399.957,0.985969387755102,6.31112,9.2,9.5,3.8,5,211,49,392,osu/5377422.osu,3113a0c6f3fcaa8d10d5fbf552bb5cc0,true,6.88293981552124,3.389930009841919,3.1941800117492676,0.976078987121582,267.614013671875,587,54.31919860839844,126.51899719238281,134.9530029296875
86,4914171,2299790,Cityyy,Running Man,Relay Race,HDHR,398.041,0.9636537541846006,6.2361,9.4,9.4,4.2,6,180,116,697,osu/4914171.osu,f424778f11427bcf018e69314d467e39,true,7.011819839477539,3.529789924621582,3.0733299255371094,0.9926069974899292,574.5850219726562,780,10.812800407409668,93.87329864501953,414.09100341796875
87,495776,210764,Xi,Rokujuu Nenme no Shinsoku Saiban ~ Rapidity is a justice,Justice,HD,396.992,0.9937867338371117,6.75833,9,9.3,4.5,6,195,325,1985,osu/495776.osu,47fff42bfa1ecd2594ca314f4f893474,true,7.1946001052856445,3.328089952468872,3.290440082550049,0.990854024887085,1033.5899658203125,2649,287.8630065917969,283.9530029296875,511.08599853515625
88,3355394,1643829,Fred V,Already Disappeared,Irreplaceable,HDHR,395.502,0.9878618113912232,6.03867,10,9.2,3.9,5,174,249,1071,osu/3355394.osu,24ddf8b85af3bfc5a9d986c12eb760f3,true,6.731880187988281,3.3186399936676025,2.9750099182128906,0.9959149956703186,633.4810180664062,1558,35.28739929199219,94.125,373.5199890136719
89,4381212,2086612,Shota Kageyama,Sentou de Pinch!,-Tynamo's Extra,HDHR,394.875,0.9797979797979798,6.12513,9.3,9.3,4.1,7.5,177.98,33,297,osu/4381212.osu,721136edbd791610c37a4d010217a823,true,6.946269989013672,3.6663899421691895,2.834160089492798,0.9968209862709045,268.6619873046875,362,15.093199729919434,115.41699981689453,177.08099365234375
90,4570744,2166472,KOTOKO,Koi Kou Enishi,Insane,HDDT,394.505,0.9955609362389023,4.65955,7.5,8.5,4,5,144,227,826,osu/4570744.osu,040c69d75091dc3e9398c8a0b1f2c4a0,true,6.855690002441406,3.5262300968170166,2.8184099197387695,0.9990450143814087,177.99600219726562,1104,156.01300048828125,163.13800048828125,78.04789733886719
91,4165290,2002962,ShadowStrike,Fly With Me,Reaching Destiny,HD,394.296,0.9869248593181066,7.02663,9.4,9.6,4.2,5,180,286,2014,osu/4165290.osu,71c094bd6660119e66b3a1020b15c903,true,7.3624701499938965,3.666300058364868,3.201620101928711,0.9999499917030334,1214.4100341796875,2661,303.6419982910156,183.43499755859375,572.6500244140625
92,5109853,2364885,Manticora,Humiliation Supreme,Extra,HDHR,391.759,0.9812041116005874,5.9837,9,9.3,3.8,5,189.99,152,1135,osu/5109853.osu,97362716c14dfd7900cb082365f0fcab,true,6.585639953613281,2.9184699058532715,3.2447800636291504,0.9961410164833069,847.9840087890625,1670,89.6332015991211,271.135986328125,473.0570068359375
93,1957638,862297,K A Z M A S A,Bon Appetit S (Oldskool HappyHardcore Remix),Blend S,HD,391.631,0.985075493612079,6.47831,9.5,9.5,4,5,170,367,2870,osu/1957638.osu,3497511639e6dacbc5bbace7f00ddc16,true,6.921510219573975,3.2388100624084473,3.127340078353882,0.9942860007286072,2301.449951171875,3905,554.1950073242188,464.6180114746094,1139.5400390625
94,4571942,2156281,Porter Robinson,Get Your Wish (Sewerslvt Remix),evth's extra,HDHR,389.789,0.977056585829767,6.10787,8.8,9.3,3.8,4.5,190,232,1402,osu/4571942.osu,2181475a1c2d5c7bd33bbc44b1d9014f,true,6.675909996032715,2.9471399784088135,3.2619400024414062,0.9804059863090515,914.7659912109375,1935,224.9010009765625,220.86700439453125,485.0419921875
95,3570727,1736814,Mitsuki,Eeliaas,EXPERT,HD,389.031,0.9953703703703703,6.40919,9.2,9.7,4,5.3,180,119,576,osu/3570727.osu,753a3ef92e7d0d9700ffed4475cb7b1b,true,6.677330017089844,3.390500068664551,2.8552300930023193,0.994720995426178,283.10400390625,764,44.489601135253906,99.59750366210938,154.9530029296875
96,1635388,778657,DECO*27,First Storm -Japanese Version-,Arigatou,HD,389.02,0.9857350800582242,7.04479,9.4,9.6,4.3,5.5,190,228,1145,osu/1635388.osu,c76bfd03a1614a66f751e106c64b1a89,true,7.3577399253845215,3.7776401042938232,3.027129888534546,0.9979900121688843,239.697998046875,1463,107.70500183105469,159.19000244140625,128.47799682617188
97,2077120,993306,ryu5150,Louder than steel,Onlybiscuit's Extra,HDHR,388.047,0.9803408870811544,6.37551,9,9.4,3.8,5.2,190,276,1721,osu/2077120.osu,2070d7a0d1d878f3f46625daeef7a086,true,7.019020080566406,3.498379945755005,3.0639400482177734,0.9880369901657104,889.2230224609375,2724,436.55499267578125,297.5480041503906,391.95599365234375
98,2766688,1335452,Halozy,Genryuu Kaiko,Nostalgia,HD,386.443,0.9906984610180957,6.87477,9,9.3,4,6,173,302,1971,osu/2766688.osu,a66845535c7c197e5af35d5d8f29c313,true,7.351789951324463,3.6013600826263428,3.083430051803589,0.8780990242958069,1254.18994140625,2684,273.78399658203125,135.79299926757812,689.9840087890625
99,1868547,890270,bibuko,Reizouko Mitara Pudding ga Nai,Alphabet's Extra,HDHR,386.202,0.975925925925926,6.37044,8.7,9.2,3.8,5.3,190,118,630,osu/1868547.osu,67f9cc851be2f8509628a8fd32bf12bf,true,6.879049777984619,3.6093900203704834,2.834709882736206,0.9887970089912415,215.61199951171875,796,86.50550079345703,93.20210266113281,121.94599914550781
100,4859466,2279760,Fellowship,Hold Up Your Hearts (Again),Memorial Heartache,HD,385.414,0.9785889454819845,6.85119,9.6,9.7,4.3,5,174,259,1767,osu/4859466.osu,8c2d3482be820ce116aede064839c3a0,true,7.204780101776123,3.6149001121520996,3.064160108566284,0.9948769807815552,1163.6700439453125,2334,131.83900451660156,251.64599609375,667.9669799804688